Query,File Type,Description
"[Company] ""Secret""","doc, docx, odt, txt, rtf, pptx, pdf",Findings
"[Company] ""Top Secret""",pdf,Findings
[Company] Classified,,Findings
[Company] Private,"EXCLUDE: png, mp4, mp3, jpg, gif, jpeg",Findings
[Company] Leaked,"EXCLUDE: html, jpg, jpeg, png, svg, gif, mp3, mp4",Findings
[Company] Intelligence,"EXCLUDE: html, jpg, jpeg, png, svg, gif, mp3, mp4 We should EXCLUDE the following: `BUSINESS INTELLIGENCE` `ARTIFICIAL INTELLIGENCE` `MACHINE LEARNING`",Findings
[Company] Report,"doc, docx, ppt, pptx, txt, csv, xml, odt, pdf, rtf",Findings
[Company] Breach,,Findings
[Company] Confidential,,Findings
"[Company] ""Private and Confidential""",,Findings
"[Company] ""Sales Report""",,Findings
"[Company] ""Staff Report""",,Findings
"[Company] ""Editorial Staff""",,Findings
"[Company] ""Human Resources""",,Findings
"[Company] ""Employee Details""","xls,xlsx,docs,doc,pdf,xml,csv,txt,rtf",Findings
"[Company] ""Customer Address""","xls,xlsx,docs,doc,pdf,xml,csv,txt,rtf",Findings
"[Company] ""Employee Address""","xls,xlsx,docs,doc,pdf,xml,csv,txt,rtf",Findings
"[Company] ""Employee Employer""","xls,xlsx,docs,doc,pdf,xml,csv,txt,rtf",Findings
"[Company] ""Final Contract""","xls,xlsx,docs,doc,pdf,xml,csv,txt,rtf",Findings
"[Company] ""Employee Contract""","xls,xlsx,docs,doc,pdf,xml,csv,txt,rtf",Findings
"[Company] ""Employee Contract""","xls,xlsx,docs,doc,pdf,xml,csv,txt,rtf",Findings
"[Company] ""Signed Contract""","xls,xlsx,docs,doc,pdf,xml,csv,txt,rtf",Findings
"[Company] ""Signed Final""","xls,xlsx,docs,doc,pdf,xml,csv,txt,rtf",Findings
"[Company] ""Sale Contract""","xls,xlsx,docs,doc,pdf,xml,csv,txt,rtf",Findings
"[Company] ""Name Number Phone""","xls,xlsx,docs,doc,pdf,xml,csv,txt,rtf",Findings
Purchase Copy,"xls,xlsx,docs,doc,pdf,xml,csv,txt,rtf",Findings
Purchase Deed,"xls,xlsx,docs,doc,pdf,xml,csv,txt,rtf",Findings
Purchase Contract,"xls,xlsx,docs,doc,pdf,xml,csv,txt,rtf",Findings
Purchase Signed,"xls,xlsx,docs,doc,pdf,xml,csv,txt,rtf",Findings