[Company] "Secret"	Findings	doc, docx, odt, txt, rtf, pptx, pdf
[Company] "Top Secret"	Findings	pdf
[Company] Classified	Findings	
[Company] Private	Findings	EXCLUDE: png, mp4, mp3, jpg, gif, jpeg
[Company] Leaked	Findings	EXCLUDE: html, jpg, jpeg, png, svg, gif, mp3, mp4
[Company] Intelligence	Findings	EXCLUDE: html, jpg, jpeg, png, svg, gif, mp3, mp4   We should EXCLUDE the following: `BUSINESS INTELLIGENCE` `ARTIFICIAL INTELLIGENCE` `MACHINE LEARNING`
[Company] Report	Findings	doc, docx, ppt, pptx, txt, csv, xml, odt, pdf, rtf
[Company] Breach	Findings	
[Company] Confidential	Findings	
[Company] "Private and Confidential"	Findings	
[Company] "Sales Report"	Findings	
[Company] "Staff Report"	Findings	
[Company] "Editorial Staff"	Findings	
[Company] "Human Resources"	Findings	
[Company] "Employee Details"	Findings	xls,xlsx,docs,doc,pdf,xml,csv,txt,rtf
[Company] "Customer Address"	Findings	xls,xlsx,docs,doc,pdf,xml,csv,txt,rtf
[Company] "Employee Address"	Findings	xls,xlsx,docs,doc,pdf,xml,csv,txt,rtf
[Company] "Employee Employer"	Findings	xls,xlsx,docs,doc,pdf,xml,csv,txt,rtf
[Company] "Final Contract"	Findings	xls,xlsx,docs,doc,pdf,xml,csv,txt,rtf
[Company] "Employee Contract"	Findings	xls,xlsx,docs,doc,pdf,xml,csv,txt,rtf
[Company] "Employee Contract"	Findings	xls,xlsx,docs,doc,pdf,xml,csv,txt,rtf
[Company] "Signed Contract"	Findings	xls,xlsx,docs,doc,pdf,xml,csv,txt,rtf
[Company] "Signed Final"	Findings	xls,xlsx,docs,doc,pdf,xml,csv,txt,rtf
[Company] "Sale Contract"	Findings	xls,xlsx,docs,doc,pdf,xml,csv,txt,rtf
[Company] "Name Number Phone"	Findings	xls,xlsx,docs,doc,pdf,xml,csv,txt,rtf
Purchase Copy	Findings	xls,xlsx,docs,doc,pdf,xml,csv,txt,rtf
Purchase Deed	Findings	xls,xlsx,docs,doc,pdf,xml,csv,txt,rtf
Purchase Contract	Findings	xls,xlsx,docs,doc,pdf,xml,csv,txt,rtf
Purchase Signed	Findings	xls,xlsx,docs,doc,pdf,xml,csv,txt,rtf
