Query,File Type,Description
accounting,"dbf, sql, sqlite, mdb, accdb, db, dump",Database
accounts,"dbf, sql, sqlite, mdb, accdb, db, dump",Database
profit,"dbf, sql, sqlite, mdb, accdb, db, dump",Database
loss,"dbf, sql, sqlite, mdb, accdb, db, dump",Database
audit,"dbf, sql, sqlite, mdb, accdb, db, dump",Database
sales,"dbf, sql, sqlite, mdb, accdb, db, dump",Database
report,"dbf, sql, sqlite, mdb, accdb, db, dump",Database
reporting,"dbf, sql, sqlite, mdb, accdb, db, dump",Database
records,"dbf, sql, sqlite, mdb, accdb, db, dump",Database
financial,"dbf, sql, sqlite, mdb, accdb, db, dump",Database
activities,"dbf, sql, sqlite, mdb, accdb, db, dump",Database
entity,"dbf, sql, sqlite, mdb, accdb, db, dump",Database
statement,"dbf, sql, sqlite, mdb, accdb, db, dump",Database