Query,File Type,Description
Report,"PDF, Doc, Docs, Docx, Pages, Txt, Dot, odt, rtf, epub",Business Terminology
Invoice,"PDF, Doc, Docs, Docx, Pages, Txt, Dot, odt, rtf, epub",Business Terminology
Statement,"PDF, Doc, Docs, Docx, Pages, Txt, Dot, odt, rtf, epub",Business Terminology
Financial Reporting,"PDF, Doc, Docs, Docx, Pages, Txt, Dot, odt, rtf, epub",Business Terminology
Management Account,"PDF, Doc, Docs, Docx, Pages, Txt, Dot, odt, rtf, epub",Business Terminology
Analysis,"PDF, Doc, Docs, Docx, Pages, Txt, Dot, odt, rtf, epub",Business Terminology
Budget,"PDF, Doc, Docs, Docx, Pages, Txt, Dot, odt, rtf, epub",Business Terminology
Bank Statement,"PDF, Doc, Docs, Docx, Pages, Txt, Dot, odt, rtf, epub",Business Terminology
Revenue,"PDF, Doc, Docs, Docx, Pages, Txt, Dot, odt, rtf, epub",Business Terminology
Commission,"PDF, Doc, Docs, Docx, Pages, Txt, Dot, odt, rtf, epub",Business Terminology
Merger,"PDF, Doc, Docs, Docx, Pages, Txt, Dot, odt, rtf, epub",Business Terminology
Aquisition,"PDF, Doc, Docs, Docx, Pages, Txt, Dot, odt, rtf, epub",Business Terminology
Insurance,"PDF, Doc, Docs, Docx, Pages, Txt, Dot, odt, rtf, epub",Business Terminology
Insure,"PDF, Doc, Docs, Docx, Pages, Txt, Dot, odt, rtf, epub",Business Terminology
Pension,"PDF, Doc, Docs, Docx, Pages, Txt, Dot, odt, rtf, epub",Business Terminology
Bank,"PDF, Doc, Docs, Docx, Pages, Txt, Dot, odt, rtf, epub",Business Terminology
invest,"PDF, Doc, Docs, Docx, Pages, Txt, Dot, odt, rtf, epub",Business Terminology
lease,"PDF, Doc, Docs, Docx, Pages, Txt, Dot, odt, rtf, epub",Business Terminology
investor,"PDF, Doc, Docs, Docx, Pages, Txt, Dot, odt, rtf, epub",Business Terminology
secretary,"PDF, Doc, Docs, Docx, Pages, Txt, Dot, odt, rtf, epub",Business Terminology
payroll,"PDF, Doc, Docs, Docx, Pages, Txt, Dot, odt, rtf, epub",Business Terminology
contract,"PDF, Doc, Docs, Docx, Pages, Txt, Dot, odt, rtf, epub",Business Terminology
diligence,"PDF, Doc, Docs, Docx, Pages, Txt, Dot, odt, rtf, epub",Business Terminology
agreement,"PDF, Doc, Docs, Docx, Pages, Txt, Dot, odt, rtf, epub",Business Terminology
passport,"PDF, Doc, Docs, Docx, Pages, Txt, Dot, odt, rtf, epub",Business Terminology
driving licence,"PDF, Doc, Docs, Docx, Pages, Txt, Dot, odt, rtf, epub",Business Terminology
memo,"PDF, Doc, Docs, Docx, Pages, Txt, Dot, odt, rtf, epub",Business Terminology
disciplinary,"PDF, Doc, Docs, Docx, Pages, Txt, Dot, odt, rtf, epub",Business Terminology
complain,"PDF, Doc, Docs, Docx, Pages, Txt, Dot, odt, rtf, epub",Business Terminology
complaint,"PDF, Doc, Docs, Docx, Pages, Txt, Dot, odt, rtf, epub",Business Terminology
payments,"PDF, Doc, Docs, Docx, Pages, Txt, Dot, odt, rtf, epub",Business Terminology
fraud,"PDF, Doc, Docs, Docx, Pages, Txt, Dot, odt, rtf, epub",Business Terminology
Memorandum,"PDF, Doc, Docs, Docx, Pages, Txt, Dot, odt, rtf, epub",Business Terminology
pay stubs,"PDF, Doc, Docs, Docx, Pages, Txt, Dot, odt, rtf, epub",Business Terminology
pay stub,"PDF, Doc, Docs, Docx, Pages, Txt, Dot, odt, rtf, epub",Business Terminology
Compliance,"PDF, Doc, Docs, Docx, Pages, Txt, Dot, odt, rtf, epub",Business Terminology
proposal,"PDF, Doc, Docs, Docx, Pages, Txt, Dot, odt, rtf, epub",Business Terminology
proposals,"PDF, Doc, Docs, Docx, Pages, Txt, Dot, odt, rtf, epub",Business Terminology
procedure,"PDF, Doc, Docs, Docx, Pages, Txt, Dot, odt, rtf, epub",Business Terminology
risk,"PDF, Doc, Docs, Docx, Pages, Txt, Dot, odt, rtf, epub",Business Terminology
investigations,"PDF, Doc, Docs, Docx, Pages, Txt, Dot, odt, rtf, epub",Business Terminology
investigation,"PDF, Doc, Docs, Docx, Pages, Txt, Dot, odt, rtf, epub",Business Terminology
terms,"PDF, Doc, Docs, Docx, Pages, Txt, Dot, odt, rtf, epub",Business Terminology
term,"PDF, Doc, Docs, Docx, Pages, Txt, Dot, odt, rtf, epub",Business Terminology
agenda,"PDF, Doc, Docs, Docx, Pages, Txt, Dot, odt, rtf, epub",Business Terminology
signed,"PDF, Doc, Docs, Docx, Pages, Txt, Dot, odt, rtf, epub",Business Terminology
Final,"PDF, Doc, Docs, Docx, Pages, Txt, Dot, odt, rtf, epub",Business Terminology
request,"PDF, Doc, Docs, Docx, Pages, Txt, Dot, odt, rtf, epub",Business Terminology
evaluation,"PDF, Doc, Docs, Docx, Pages, Txt, Dot, odt, rtf, epub",Business Terminology
assurance,"PDF, Doc, Docs, Docx, Pages, Txt, Dot, odt, rtf, epub",Business Terminology
draft,"PDF, Doc, Docs, Docx, Pages, Txt, Dot, odt, rtf, epub",Business Terminology
attendee,"PDF, Doc, Docs, Docx, Pages, Txt, Dot, odt, rtf, epub",Business Terminology
document,"PDF, Doc, Docs, Docx, Pages, Txt, Dot, odt, rtf, epub",Business Terminology
settlement,"PDF, Doc, Docs, Docx, Pages, Txt, Dot, odt, rtf, epub",Business Terminology
NDA,"PDF, Doc, Docs, Docx, Pages, Txt, Dot, odt, rtf, epub",Business Terminology
Resume,"PDF, Doc, Docs, Docx, Pages, Txt, Dot, odt, rtf, epub",Business Terminology
minutes,"PDF, Doc, Docs, Docx, Pages, Txt, Dot, odt, rtf, epub",Business Terminology
Quote,"PDF, Doc, Docs, Docx, Pages, Txt, Dot, odt, rtf, epub",Business Terminology
Proposal,"PDF, Doc, Docs, Docx, Pages, Txt, Dot, odt, rtf, epub",Business Terminology
Tender,"PDF, Doc, Docs, Docx, Pages, Txt, Dot, odt, rtf, epub",Business Terminology
Breach of contract,"PDF, Doc, Docs, Docx, Pages, Txt, Dot, odt, rtf, epub",Business Terminology
MOU,"PDF, Doc, Docs, Docx, Pages, Txt, Dot, odt, rtf, epub",Business Terminology
RFP,"PDF, Doc, Docs, Docx, Pages, Txt, Dot, odt, rtf, epub",Business Terminology
RFQ,"PDF, Doc, Docs, Docx, Pages, Txt, Dot, odt, rtf, epub",Business Terminology
ITT,"PDF, Doc, Docs, Docx, Pages, Txt, Dot, odt, rtf, epub",Business Terminology
MOM,"PDF, Doc, Docs, Docx, Pages, Txt, Dot, odt, rtf, epub",Business Terminology
incident,"PDF, Doc, Docs, Docx, Pages, Txt, Dot, odt, rtf, epub",Business Terminology
commercial,"PDF, Doc, Docs, Docx, Pages, Txt, Dot, odt, rtf, epub",Business Terminology
bid,"PDF, Doc, Docs, Docx, Pages, Txt, Dot, odt, rtf, epub",Business Terminology
partnership,"PDF, Doc, Docs, Docx, Pages, Txt, Dot, odt, rtf, epub",Business Terminology
vulnerability (or VA),"PDF, Doc, Docs, Docx, Pages, Txt, Dot, odt, rtf, epub",Business Terminology