Query,File Type,Description
user,"dbf, sql, sqlite, mdb, accdb, db, dump",Personal Information
users,"dbf, sql, sqlite, mdb, accdb, db, dump",Personal Information
people,"dbf, sql, sqlite, mdb, accdb, db, dump",Personal Information
register,"dbf, sql, sqlite, mdb, accdb, db, dump",Personal Information
registered,"dbf, sql, sqlite, mdb, accdb, db, dump",Personal Information
email,"dbf, sql, sqlite, mdb, accdb, db, dump",Personal Information
emails,"dbf, sql, sqlite, mdb, accdb, db, dump",Personal Information
contact,"dbf, sql, sqlite, mdb, accdb, db, dump",Personal Information
contacts,"dbf, sql, sqlite, mdb, accdb, db, dump",Personal Information
attendee,"dbf, sql, sqlite, mdb, accdb, db, dump",Personal Information
attendees,"dbf, sql, sqlite, mdb, accdb, db, dump",Personal Information
client,"dbf, sql, sqlite, mdb, accdb, db, dump",Personal Information
clients,"dbf, sql, sqlite, mdb, accdb, db, dump",Personal Information
churn,"dbf, sql, sqlite, mdb, accdb, db, dump",Personal Information
username,"dbf, sql, sqlite, mdb, accdb, db, dump",Personal Information
usernames,"dbf, sql, sqlite, mdb, accdb, db, dump",Personal Information
customer,"dbf, sql, sqlite, mdb, accdb, db, dump",Personal Information
customers,"dbf, sql, sqlite, mdb, accdb, db, dump",Personal Information
shopper,"dbf, sql, sqlite, mdb, accdb, db, dump",Personal Information
shoppers,"dbf, sql, sqlite, mdb, accdb, db, dump",Personal Information
consumer,"dbf, sql, sqlite, mdb, accdb, db, dump",Personal Information
consumers,"dbf, sql, sqlite, mdb, accdb, db, dump",Personal Information
sub,"dbf, sql, sqlite, mdb, accdb, db, dump",Personal Information
subs,"dbf, sql, sqlite, mdb, accdb, db, dump",Personal Information
subscriber,"dbf, sql, sqlite, mdb, accdb, db, dump",Personal Information
subscribers,"dbf, sql, sqlite, mdb, accdb, db, dump",Personal Information
student,"dbf, sql, sqlite, mdb, accdb, db, dump",Personal Information
students,"dbf, sql, sqlite, mdb, accdb, db, dump",Personal Information
participant,"dbf, sql, sqlite, mdb, accdb, db, dump",Personal Information
participants,"dbf, sql, sqlite, mdb, accdb, db, dump",Personal Information
operator,"dbf, sql, sqlite, mdb, accdb, db, dump",Personal Information
operators,"dbf, sql, sqlite, mdb, accdb, db, dump",Personal Information
employee,"dbf, sql, sqlite, mdb, accdb, db, dump",Personal Information
employees,"dbf, sql, sqlite, mdb, accdb, db, dump",Personal Information
staff,"dbf, sql, sqlite, mdb, accdb, db, dump",Personal Information