Query,Description
"company" (sensitive|tax|corporate|classified|finance |official|confidential|salary|accredit|accounts |commission|adjudicator|association|audit|bank|commerce|charter|registrar|asset),Business Terminology
"company" (/etc/passwd|password|passwd|pass user|username|pass|user|key|uid|email|mail address|private phone|phone|Software:|Version=),Technical Sensitive Keywords 
"company" (anal|anus|arse|ass|bastard|bitch|bloody|bugger|bum|butt|cock|crap|cunt|damn|dick|dildo|fag|fuck|god|hell|jerk),Bad Language
"company" (knob|nigga|nigger|omg|penis|piss|poop|prick|pussy|queer|scrotum|sex|shit|slut|tit|tosser|turd|twat|vagina|wank|wtf|whore),Bad Language
“company” -site:"domain.com" ("confidential"  OR "private" OR "sensitive" OR "non-public") ext:pdf OR ext:doc OR ext:docx OR ext:ppt OR ext:xls OR ext:xlsx,Confidential Documents
"company" intitle:"index of",Open Directories
"company" (ext:txt | ext:zst | ext:xz | ext:json | ext:bson | ext:log | ext:env | ext:dat) -inurl:(jsp|pl|php|html|aspx|htm|cf|shtml) -inurl:(logo) intitle:index.of -inurl:(listen77|mp3raid|mp3toss|mp3drug|index_of|wallywashis),Interesting Files
"company" (ext:zst | ext:xz | ext:json | ext:bson | ext:env | ext:dat | ext:db | ext:sql | ext:ravendump | ext:gzip | ext:bson | ext:dump | ext:gz | ext:tar | ext:bz2 | ext:zip | ext:7z | ext:rar | ext:lz4),Interesting Files
"company" -inurl:(jsp|pl|php|html|aspx|htm|cf|shtml) intitle:index.of -inurl:(listen77|mp3raid|mp3toss|mp3drug|index_of|wallywashis),Interesting Files
"company" ext:cpp | ext:h | ext:sh | ext:bat | ext:csharp | ext:java,Code Files
"company" ext:doc | ext:docx | ext:pdf | ext:csv | ext:xls | ext:xlsx | ext:rtf | ext:pages | ext:xlsm,Spreadsheets
"company" ext:db | ext:sql | ext:ravendump | ext:gzip | ext:bson | ext:dump,Databases
"company" ext:gz | ext:tar | ext:bz2 | ext:zip | ext:7z | ext:rar | ext:lz4,Compressed Files
"company" ("hack" | "pwned" | "database") -site:"domain.com",Threat Intel
intitle:"Personal Assistant | PA | Senior | Administrator | Admin" intitle:"company" site:Linkedin.com,Finding PAs
site:linkedin.com jul 2020 "Present 1 month" intitle:"company",New Hires
"company" site:docs.google.com/spreadsheets/d,Google Spreadsheets
"company" site:docs.google.com/document/d,Google Docs
"company" (site:ctrlv.it/id/* | site:doxbin.org/upload/* | site:dpaste.com/* | site:dpaste.org/* | site:dumpz.org/* | site:friendpaste.com* | site:ghostbin.co/* | site:heypasteit.com/clip/* | site:ideone.com/* | site:justpaste.it/* | site:kpaste.net/* | site:padfly.com | site:paste2.org/* | site:paste4btc.com/* | site:pastebin.com/* | site:pastebin.fr/* | site:controlc.com/* | site:paste.debian.net/* | site:paste.ee/p/* | site:paste.centos.org/view/* | site:paste.org.ru/* | site:paste.sx/* | site:paste.yt/* | site:upaste.me/* | site:textsnip.com/* | site:slexy.org/view/* | site:snipplr.com/view/*),Paste Sites
"company" (site:jsbin.com | site:play.golang.org | site:paste.debian.net | site:pastehtml.com | site:codepad.org | site:codepen.io | site:play.golang.org | site:dartpad.dartlang.org | site:dotnetfiddle.net | site:try.ceylon-lang.org | site:rextester.com | site:phpfiddle.org | site:ide.codingblocks.com | site:ide.geeksforgeeks.org | site:repl.it | site:ideone.com | site:paste.debian.net | site:gist.github.com),Code Sites
"company" (site:http://codepad.co | site:http://scribd.com | site:http://npmjs.com | site:http://npm.runkit.com | site:http://libraries.io | site:http://coggle.it | site:http://jsdelivr.net | site:http://codepen.io | site:http://codeshare.io | site:http://sharecode.io | site:http://repl.it | site:http://productforums.google.com | site:http://bitbucket.org | site:http://gitter.im | inurl:gitlab),Code Sites
"company" (site:*.atlassian.net | site:http://papaly.com | site:http://trello.com | site:http://prezi.com),Business Management Resources