"""TiDB"" ""200 OK""",Database
"""VoltDB"" ""200 OK""",Database
"""Flink"" ""200 OK""",Database
"""HBase"" ""200 OK""",Database
"""Druid"" ""200 OK""",Database
"""nosqlclient"" ""200 OK""",Database
"""rethinkdb"" ""200 OK""",Database
"""Set-Cookie: mongo-express="" ""200 OK""",Database
"""Cassandra"" ""200 OK""",Database
"""accumulo"" ""200 OK""",Database
"""Raven-Server-Build"" ""200 OK""",Database
"""Usergrid"" ""200 OK""",Database
"""MongoDB Server Information"" port:27017 -authentication""", Database
"""Set-Cookie: mongo-express="" ""200 OK""", Database
"""port:""9200"" all:""elastic indices""", Database
"""authentication disabled"" ""RFB 003.008""", VNC
"""x03x00x00x0bx06xd0x00x00x124x00""", RDP
"""x-jenkins 200""", DevOps
"""port:23 console gateway""", Telnet
"""title:""Weave Scope"" http.favicon.hash:567176827""", DevOps
"""X-Jenkins"" ""Set-Cookie: JSESSIONID"" http.title:""Dashboard""", DevOps
"""root@"" port:23 -login -password -name -Session""", Telnet
"""220"" ""230 Login success""", FTP
